statistic,value
sample size,13062.0
mean,1.6940376665135508
median,1.68
std,0.10146596157002037
min,1.27
Q1,1.63
Q3,1.78
max,2.11
